<?xml version="1.0" encoding="UTF-8"?>
<!DOCTYPE hibernate-configuration PUBLIC
        "-//Hibernate/Hibernate Configuration DTD 3.0//EN"
        "http://www.hibernate.org/dtd/hibernate-configuration-3.0.dtd">
<hibernate-configuration>
    <session-factory>
        <property name="hibernate.connection.driver_class">com.mysql.cj.jdbc.Driver</property>
        <property name="hibernate.connection.url">
            jdbc:mysql://localhost:3306/store
        </property>
        <property name="hibernate.connection.username">Anna</property>
        <property name="hibernate.connection.password">Anna12345!</property>

        <property name="hibernate.dialect">org.hibernate.dialect.MySQLDialect</property>

        <property name="hibernate.current_session_context_class">thread</property>
        <property name="hibernate.globally_quoted_identifiers">true</property>

        <property name="hibernate.show_sql">true</property>
        <property name="hibernate.format_sql">true</property>

        <mapping class="org.example.entity.User"/>
        <mapping class="org.example.entity.Delivery"/>
        <mapping class="org.example.entity.Credit"/>
        <mapping class="org.example.entity.Discount"/>
        <mapping class="org.example.entity.Product"/>
        <mapping class="org.example.entity.Sales"/>
    </session-factory>
</hibernate-configuration>